{
  "Apple_Apple_scab": {
    "precision": 0.9841269841269841,
    "recall": 0.9841269841269841,
    "f1-score": 0.9841269841269841,
    "support": 126.0
  },
  "Apple_Black_rot": {
    "precision": 0.9761904761904762,
    "recall": 0.9919354838709677,
    "f1-score": 0.984,
    "support": 124.0
  },
  "Apple_Cedar_apple_rust": {
    "precision": 0.9636363636363636,
    "recall": 0.9636363636363636,
    "f1-score": 0.9636363636363636,
    "support": 55.0
  },
  "Apple_healthy": {
    "precision": 0.981651376146789,
    "recall": 0.9876923076923076,
    "f1-score": 0.9846625766871165,
    "support": 325.0
  },
  "Blueberry_healthy": {
    "precision": 1.0,
    "recall": 0.9932659932659933,
    "f1-score": 0.9966216216216216,
    "support": 297.0
  },
  "Cherry_(including_sour)_Powdery_mildew": {
    "precision": 1.0,
    "recall": 0.9951690821256038,
    "f1-score": 0.9975786924939467,
    "support": 207.0
  },
  "Cherry_(including_sour)_healthy": {
    "precision": 1.0,
    "recall": 0.9882352941176471,
    "f1-score": 0.9940828402366864,
    "support": 170.0
  },
  "Corn_(maize)_Cercospora_leaf_spot Gray_leaf_spot": {
    "precision": 0.945054945054945,
    "recall": 0.8431372549019608,
    "f1-score": 0.8911917098445595,
    "support": 102.0
  },
  "Corn_(maize)_Common_rust_": {
    "precision": 0.9957983193277311,
    "recall": 1.0,
    "f1-score": 0.9978947368421053,
    "support": 237.0
  },
  "Corn_(maize)_Northern_Leaf_Blight": {
    "precision": 0.9227053140096618,
    "recall": 0.9794871794871794,
    "f1-score": 0.9502487562189055,
    "support": 195.0
  },
  "Corn_(maize)_healthy": {
    "precision": 1.0,
    "recall": 1.0,
    "f1-score": 1.0,
    "support": 230.0
  },
  "Grape_Black_rot": {
    "precision": 0.9659574468085106,
    "recall": 0.9659574468085106,
    "f1-score": 0.9659574468085106,
    "support": 235.0
  },
  "Grape_Esca_(Black_Measles)": {
    "precision": 0.9745454545454545,
    "recall": 0.9745454545454545,
    "f1-score": 0.9745454545454545,
    "support": 275.0
  },
  "Grape_Leaf_blight_(Isariopsis_Leaf_Spot)": {
    "precision": 1.0,
    "recall": 1.0,
    "f1-score": 1.0,
    "support": 121.0
  },
  "Grape_healthy": {
    "precision": 1.0,
    "recall": 0.9882352941176471,
    "f1-score": 0.9940828402366864,
    "support": 85.0
  },
  "accuracy": 0.9820402298850575,
  "macro avg": {
    "precision": 0.9806444453231278,
    "recall": 0.9770282759131079,
    "f1-score": 0.9785753348865961,
    "support": 2784.0
  },
  "weighted avg": {
    "precision": 0.9821880957627465,
    "recall": 0.9820402298850575,
    "f1-score": 0.9819392913613316,
    "support": 2784.0
  }
}